query,avg_time_seconds(storage_budget=50),avg_time_seconds(storage_budget=100),avg_time_seconds(storage_budget=150),avg_time_seconds(storage_budget=200),avg_time_seconds(storage_budget=250),avg_time_seconds(storage_budget=300)
q1,0.004521,0.014399,0.001179,0.004105,0.000814,0.001007
q2,0.001134,0.000970,0.000905,0.009609,0.000707,0.009923
q3,0.000133,0.000228,0.000190,0.000352,0.000421,0.000255
q4,0.000773,0.000522,0.000639,0.008171,0.001093,0.000880
q5,0.000447,0.000629,0.000613,0.009259,0.001095,0.000568
q6,0.000391,0.000524,0.000486,0.007700,0.000784,0.000527
q7,0.000446,0.001031,0.000560,0.007267,0.001160,0.000961
q8,0.178531,0.084413,0.150222,0.146163,0.152780,0.152964
q9,0.000880,0.000450,0.001391,0.000783,0.000859,0.000979
q10,0.177561,0.141165,0.143997,0.146069,0.142525,0.141906
q11,0.002311,0.001723,0.002205,0.001908,0.001674,0.001973
q12,0.001179,0.003189,0.001987,0.001641,0.003103,0.001767
q13,0.000271,0.000575,0.000625,0.000554,0.000641,0.000587
q14,4.786491,7.804518,4.298240,3.636146,3.441260,3.395332
q15,0.108851,0.217486,0.110736,0.056100,0.092657,0.093560
q16,6.318279,5.676874,4.020512,2.791706,9.433782,5.007674
q17,0.485142,0.495763,0.942163,0.560980,0.832863,1.320509
q18,3.480141,3.412211,7.530379,3.733481,5.914255,6.907718
q19,0.823791,0.947004,1.160702,1.228995,2.453737,1.083687
q20,3.042837,3.525052,5.914336,6.944398,4.585039,3.227270
q21,0.094323,0.080254,0.080444,0.184594,0.127782,0.099995
q22,6.508540,2.755588,4.256652,3.938439,2.071416,3.168326
q23,0.854967,0.476679,0.266115,0.319091,0.474285,0.379573
q24,0.755682,0.505003,0.465597,0.274670,0.479931,0.677109
q25,5.209149,2.756735,3.737689,2.422938,2.661249,3.285581
q26,0.621835,0.466672,1.046911,0.635655,0.610274,1.003585
q27,0.023863,0.018920,0.037182,0.015584,0.015405,0.036080
q28,20.496513,31.424162,47.115146,41.726095,30.560312,44.393611
q29,0.093295,0.162348,0.100133,0.077443,0.078278,0.077900
q30,0.303424,0.417478,0.466885,0.194866,0.383860,0.508689
q31,10.787012,8.471632,7.269440,12.849158,10.411005,10.297989
q32,2.606178,2.990894,2.650280,3.377580,3.214093,4.547016
q33,2.711964,6.441720,3.030657,3.676998,4.122131,5.918432
q34,0.027312,0.004897,0.001910,0.002495,0.002300,0.002592
q35,0.326883,0.499857,0.640149,0.555379,1.437769,0.792892
q36,3.894918,5.057913,7.203223,6.821229,6.055955,3.586430
q37,0.326904,0.217870,0.206730,0.499161,0.312710,0.167630
q38,0.013598,0.013674,0.107302,0.014829,0.016781,0.006238
q39,0.011310,0.009160,0.010031,0.011393,0.011810,0.005529
q40,4.944733,2.464008,4.001118,5.803526,3.510510,1.468125
q41,31.569212,34.506770,33.065297,33.258862,27.673084,29.446126
q42,3.729491,6.474728,2.126939,2.217392,3.852773,4.884076
q43,0.088092,0.072097,0.029011,0.033505,0.061710,0.060853
q44,3.751726,2.924226,1.839514,4.508709,4.471299,5.835995
q45,0.001447,0.002009,0.001583,0.009003,0.071909,0.001742
q46,0.594287,0.409114,0.313820,1.062637,0.911509,0.485148
q47,0.000480,0.000922,0.000305,0.000696,0.000849,0.000451
q48,0.008932,0.002326,0.000730,0.002736,0.002411,0.001224
q49,0.000758,0.000704,0.000482,0.001324,0.000676,0.000404
q50,0.000330,0.000533,0.000272,0.000668,0.000339,0.000274
