query,avg_time_seconds(k=2),avg_time_seconds(k=3),avg_time_seconds(k=4),avg_time_seconds(k=5),avg_time_seconds(k=6),avg_time_seconds(k=7)
q1,28.095662,30.674106,34.650919,34.381124,34.837592,34.540763
q2,1.941772,2.026036,9.727271,10.166271,8.311328,9.934343
q3,3.777318,4.117513,2.768954,2.830853,2.757440,2.692999
q4,1.960177,1.994137,1.443305,7.353342,1.119154,7.234141
q5,6.046305,11.924534,11.410199,10.862758,11.107475,11.493084
q6,1.986575,2.078378,1.258486,8.335690,1.247686,8.532390
q7,0.972458,0.932357,0.931856,0.855723,0.826351,0.872031
q8,6.590800,6.858688,6.130575,7.741579,7.793542,8.354772
q9,10.589561,10.614400,7.599547,7.307059,9.605342,9.350306
q10,1.911722,1.846741,1.900427,1.932994,1.828556,1.928467
q11,0.288757,0.287278,0.232420,0.278542,0.242029,0.237810
q12,5.185949,10.908789,10.788539,11.669139,11.631467,11.479774
q13,25.400879,26.360912,25.305552,25.787668,25.364235,28.110478
q14,6.828835,4.746540,7.336014,8.611831,7.028592,8.580385
q15,1.981182,1.857694,1.919432,1.872226,1.934746,1.848071
q16,1.865077,1.878019,9.395613,9.567858,9.321297,9.270628
q17,2.721621,4.799442,2.739699,2.696389,4.612254,2.913355
q18,1.095996,2.230876,2.056679,2.508513,2.193642,2.077068
q19,0.462332,1.368599,1.447135,1.343969,1.341389,1.364330
q20,2.713485,3.048213,2.636705,3.190566,2.643952,2.745322
q21,25.511037,25.950573,25.467721,26.058223,26.564131,25.994420
q22,1.938500,2.042557,9.465130,9.491133,9.441109,9.609227
q23,7.633271,7.732276,6.671267,7.286817,7.053826,6.953913
q24,9.123841,7.759133,10.224068,7.940781,7.294564,10.601119
q25,1.970323,1.825609,1.942540,1.945926,1.964794,1.978520
q26,0.843844,0.345393,0.854886,0.860343,0.854457,0.853115
q27,1.918933,1.506855,1.855488,1.929694,1.908781,1.958389
q28,0.843846,0.882247,0.349683,0.849356,0.848658,0.853040
q29,1.156587,1.154536,0.488815,1.143449,1.156214,1.155228
q30,1.870467,1.910378,1.955574,1.847753,1.881908,1.927445
