query,avg_time_seconds(k=2),avg_time_seconds(k=3),avg_time_seconds(k=4),avg_time_seconds(k=5),avg_time_seconds(k=6),avg_time_seconds(k=7),avg_time_seconds(k=8),avg_time_seconds(k=9),avg_time_seconds(k=10)
q1,0.000347,0.000459,0.000181,0.000416,0.000768,0.000788,0.000475,0.000485,0.000528
q2,0.069425,0.000657,0.000296,0.000389,0.000706,0.000853,0.000472,0.000533,0.000359
q3,0.573839,0.600703,0.564056,0.560957,0.603977,0.650370,0.202834,0.211917,0.218001
q4,0.177948,0.167183,0.168636,0.168243,0.158185,0.159639,0.141186,0.142556,0.139690
q5,0.009100,0.009447,0.009256,0.014630,0.015141,0.015331,0.014778,0.014578,0.014175
q6,0.060922,0.069534,0.070223,0.065198,0.071275,0.072409,0.061316,0.065226,0.062921
q7,0.000459,0.000857,0.000882,0.000910,0.000918,0.000962,0.000787,0.000963,0.000754
q8,0.000271,0.000430,0.000432,0.000424,0.000521,0.000460,0.000291,0.000454,0.000291
q9,0.000264,0.000357,0.000237,0.000336,0.000416,0.000423,0.000259,0.000405,0.000277
q10,0.000244,0.000409,0.000186,0.000387,0.000476,0.000479,0.000428,0.000629,0.000396
q11,0.000103,0.000411,0.000123,0.000415,0.000394,0.000496,0.000386,0.000594,0.000350
q12,0.029144,0.032968,0.000294,0.000484,0.000481,0.000518,0.000295,0.000503,0.000349
q13,0.004451,0.004547,0.007445,0.008750,0.012309,0.012386,0.007090,0.009713,0.006999
q14,11.598030,11.546589,17.777216,18.596143,18.775222,18.515551,7.001693,7.161884,6.993725
q15,0.891575,0.882840,0.886382,0.896610,1.345650,0.882664,1.605354,1.575935,1.572686
q16,2.643799,2.700081,2.703438,2.599552,2.823938,3.064137,4.369101,4.239415,4.430238
q17,1.218251,1.859163,0.872048,1.916490,1.869913,2.047133,1.726689,1.756066,1.734593
q18,1.890591,1.850982,1.839794,1.976305,1.865859,1.916075,1.788766,1.794542,1.809135
q19,1.259335,1.276161,1.288319,1.274887,1.276031,1.290694,2.219156,2.268413,2.219274
q20,17.519197,17.617116,17.576180,21.627808,18.126630,19.224635,7.167832,7.423011,7.211853
q21,0.905988,1.691457,0.892368,1.858828,1.747154,0.881723,1.600136,1.554328,1.610459
q22,2.947784,2.614740,2.536289,2.753860,2.741888,2.639537,4.483864,4.482754,4.575016
q23,0.027429,0.027327,0.027693,0.028164,0.031369,0.027656,0.024376,0.024970,0.024907
q24,1.888288,1.817856,1.839241,1.914722,1.656065,1.865302,1.713598,1.714001,1.715219
q25,1.843107,1.831955,1.843792,1.928394,1.928838,1.842295,1.819040,1.799367,1.794331
q26,1.260351,1.251837,1.310934,1.316055,1.287604,1.268308,2.271075,2.209420,2.222865
q27,17.568709,18.666882,17.908606,18.525872,18.180762,19.132412,7.340031,7.170296,7.489391
q28,5.271401,6.314312,5.441491,10.274616,5.640146,5.779486,4.820328,4.856613,4.720333
q29,0.416185,0.417073,0.414911,0.425213,0.422129,0.420604,1.049846,1.049655,1.046935
q30,2.350672,2.303529,2.416098,2.369429,2.706227,2.393739,0.970411,1.008374,1.717006
q31,1.674653,1.681858,1.074154,1.450191,1.734178,1.706034,1.530872,1.551017,1.647124
q32,0.894220,0.880509,1.471026,1.733541,0.870404,0.889328,1.489556,1.511713,1.520630
q33,11.622998,18.110242,16.246512,11.677552,18.350533,11.741964,7.017260,7.128426,6.992738
q34,0.014855,0.012427,0.012438,0.012395,0.012163,0.012157,0.012310,0.011788,0.011733
q35,0.844329,0.847491,1.431222,1.342503,1.998251,0.855227,1.847381,1.815967,1.829336
q36,0.853980,1.894750,1.871663,1.984689,1.961490,1.886175,1.795150,1.795620,1.790357
q37,4.122081,4.576964,4.265073,4.297123,4.264238,4.379810,4.202066,4.209377,3.895934
q38,0.896510,0.875389,0.874945,0.876905,0.871470,0.876085,1.533468,1.602326,1.583379
q39,5.088867,5.142401,5.253633,5.249524,6.092082,5.219237,5.031242,5.123177,5.632844
q40,4.684169,4.984664,4.652899,4.722667,5.413228,4.743243,4.253736,4.251455,4.259830
q41,1.346065,1.873611,0.846122,1.448721,2.048965,1.373459,1.814341,1.788956,1.853823
q42,17.616811,18.059499,11.575183,18.078116,18.517028,18.442168,7.193711,7.514708,7.342531
q43,0.888025,1.679768,0.883487,0.894948,0.892703,1.742470,1.588545,1.569562,1.575011
q44,2.614586,2.619013,2.620350,2.897397,2.834381,2.710317,4.290358,4.263212,4.319589
q45,0.030340,0.030568,0.029966,0.030358,0.030530,0.030730,0.027184,0.026948,0.027261
q46,1.836798,1.839405,1.865056,1.913523,1.910177,1.869993,1.701018,1.748050,1.727306
q47,0.038442,0.040770,0.038387,0.039970,0.041985,0.041931,0.039217,0.040804,0.039861
q48,0.006276,0.007070,0.006277,0.014760,0.013397,0.009660,0.009468,0.012728,0.009597
q49,0.494743,0.578664,0.547924,0.594490,0.596822,0.484664,0.124799,0.134575,0.122189
q50,0.009238,0.009489,0.009383,0.014283,0.015051,0.014803,0.007620,0.007431,0.007597
