query,avg_time_seconds(storage_budget=50),avg_time_seconds(storage_budget=100),avg_time_seconds(storage_budget=150),avg_time_seconds(storage_budget=200),avg_time_seconds(storage_budget=250),avg_time_seconds(storage_budget=300),avg_time_seconds(storage_budget=350),avg_time_seconds(storage_budget=400),avg_time_seconds(storage_budget=450),avg_time_seconds(storage_budget=500)
q1,0.006184,0.002287,0.011812,0.001425,0.016627,0.005918,0.037856,0.041132,0.069587,0.040294
q2,0.006100,0.001167,0.003437,0.001800,0.000973,0.000733,0.001735,0.001246,0.001223,0.004952
q3,0.000262,0.000402,0.000538,0.000282,0.000264,0.000707,0.000459,0.000473,0.000461,0.000395
q4,0.003088,0.001007,0.004270,0.001229,0.000806,0.000754,0.000877,0.001288,0.001074,0.001384
q5,0.000327,0.000864,0.000874,0.003877,0.000833,0.001279,0.001308,0.001575,0.001207,0.001079
q6,0.002568,0.001210,0.002144,0.000875,0.000924,0.000682,0.001041,0.000615,0.000510,0.000891
q7,0.001627,0.001369,0.003851,0.000776,0.000940,0.001066,0.001290,0.002252,0.000890,0.000831
q8,0.169506,0.199460,0.238084,0.163619,0.171025,0.184738,0.001112,0.001824,0.000791,0.000814
q9,0.001100,0.001338,0.001050,0.001371,0.001200,0.001053,0.001456,0.001615,0.003462,0.001131
q10,0.161007,0.172770,0.144539,0.163519,0.152659,0.164174,0.000432,0.000475,0.000542,0.000301
q11,0.002505,0.002196,0.003284,0.002026,0.002151,0.002131,0.001649,0.002067,0.002213,0.002882
q12,0.001569,0.001705,0.001428,0.001719,0.002052,0.002110,0.001601,0.001811,0.001721,0.001448
q13,0.000574,0.000533,0.000542,0.000534,0.000602,0.000486,0.000443,0.000559,0.000451,0.000364
q14,6.169121,4.106378,6.419288,6.419343,5.689885,1.927512,9.660286,7.832281,6.499127,8.354987
q15,0.202026,0.110502,0.194433,0.232660,0.538749,0.076588,0.423974,0.418765,0.191388,0.165320
q16,5.955255,7.486683,7.834108,6.777967,5.461356,1.844349,8.447965,7.225624,5.921796,7.221610
q17,0.370070,1.596639,0.486111,0.420480,0.414835,0.623787,0.719389,0.984634,1.009627,1.139740
q18,2.919130,4.545149,3.977894,3.684347,2.851907,1.958363,7.693563,6.319822,9.011820,7.517067
q19,0.582987,0.782137,0.844547,0.588418,0.907286,0.480429,1.373583,1.123402,1.399630,0.957887
q20,2.962469,6.286763,3.647892,3.730934,3.608377,2.154349,6.379166,5.689074,4.818775,7.367482
q21,0.059586,0.190392,0.103367,0.056176,0.078396,0.043423,0.126196,0.189993,0.106756,0.139582
q22,5.183628,5.876063,2.860277,7.178376,4.927165,1.719064,5.648043,6.609246,4.241620,6.308161
q23,1.524623,0.816048,0.714301,0.127272,0.588666,0.335995,0.018927,0.003016,0.002972,0.000934
q24,0.686632,0.326070,0.710936,0.957204,1.615889,0.539642,2.069679,0.728627,1.079313,0.519101
q25,4.281965,3.486444,3.213915,4.838079,4.988434,1.672900,4.745909,6.653479,8.305240,8.969143
q26,1.329267,0.726140,0.818528,0.748524,0.372118,0.360696,1.004472,0.876694,0.691532,0.877635
q27,0.064092,0.027516,0.036113,0.035253,0.029047,0.015315,0.020374,0.024398,0.021554,0.066899
q28,30.124477,35.709510,49.223350,70.748477,62.369853,63.467051,54.842236,62.025033,57.635020,95.914296
q29,0.093185,0.090474,0.106598,0.072731,0.054503,0.085879,0.089691,0.111477,0.083455,0.076909
q30,0.194729,0.344268,0.254210,0.211211,0.291985,0.777211,0.329013,0.362516,0.359063,0.276120
q31,7.965935,8.541043,20.630286,16.371755,25.801070,22.196180,14.642456,14.559614,15.296422,27.296062
q32,6.461501,2.830861,4.500886,1.390933,1.166954,3.028758,5.386583,4.664053,5.356737,4.774071
q33,3.347945,4.125661,9.658456,2.598636,1.532750,8.365920,7.057307,4.015193,6.868644,4.881007
q34,0.003625,0.003646,0.004372,0.002067,0.012222,0.002732,0.002240,0.001723,0.002917,0.002559
q35,0.373486,0.551812,0.562703,0.315319,0.335346,0.539672,0.646545,0.997930,0.517781,0.455918
q36,2.975449,7.488306,3.175240,2.792757,1.412009,4.094662,5.542520,8.175456,5.550722,4.017114
q37,0.153225,0.240449,0.179496,0.239574,0.121651,0.392421,0.279109,0.284035,0.276482,0.372377
q38,0.012896,0.012500,0.019387,0.015464,0.014674,0.019349,0.004918,0.007291,0.010664,0.050261
q39,0.005346,0.012530,0.010869,0.011820,0.012935,0.012171,0.005168,0.007178,0.005693,0.017894
q40,2.262476,2.706306,2.367857,1.998737,2.005766,3.109122,5.456715,4.182658,4.847639,3.971446
q41,32.761613,30.643438,47.936025,49.181641,54.804244,72.813555,43.514689,46.042263,39.514812,64.552186
q42,4.576994,6.082539,2.760066,2.971511,3.528213,3.778988,5.282194,7.821651,6.869762,6.268710
q43,0.430117,0.062318,0.036622,0.033758,0.039738,0.089800,0.096833,0.104573,0.192420,0.046658
q44,1.830612,4.668154,1.674684,1.574942,4.092730,3.376606,6.945741,3.876431,4.603620,3.503920
q45,0.002391,0.001599,0.002468,0.002068,0.001906,0.012955,0.003134,0.020924,0.035321,0.002290
q46,0.137789,0.268412,0.275177,0.255376,1.220767,0.802310,0.425921,0.599578,0.362337,0.369496
q47,0.000498,0.000598,0.000953,0.000858,0.001547,0.001215,0.034007,0.001000,0.000991,0.000734
q48,0.000918,0.073034,0.000944,0.002053,0.002835,0.002848,0.032586,0.002912,0.001770,0.001751
q49,0.000564,0.016552,0.001141,0.001503,0.002500,0.001028,0.001083,0.000819,0.000600,0.000685
q50,0.000162,0.000734,0.000189,0.000304,0.000550,0.000363,0.000416,0.000321,0.000192,0.000137
