config_val,cg_ben_knap_cs_ben_knap_avg_total_time_seconds,cg_ben_knap_cs_ben_knap_index_size_mb,cg_dta_cs_drop_avg_total_time_seconds,cg_dta_cs_drop_index_size_mb,cg_dta_cs_greedy_avg_total_time_seconds,cg_dta_cs_greedy_index_size_mb,cg_extend_cs_extend_avg_total_time_seconds,cg_extend_cs_extend_index_size_mb,cg_rule_based_cs_ben_knap_avg_total_time_seconds,cg_rule_based_cs_ben_knap_index_size_mb,cg_rule_based_cs_drop_avg_total_time_seconds,cg_rule_based_cs_drop_index_size_mb,cg_rule_based_cs_greedy_avg_total_time_seconds,cg_rule_based_cs_greedy_index_size_mb
2.0,-1,-1,-1,-1,74.690984,343.8047,-1,-1,-1,-1,-1,-1,116.760238,381.0703
3.0,-1,-1,-1,-1,100.907113,445.2656,-1,-1,-1,-1,-1,-1,124.152380,380.2812
4.0,-1,-1,-1,-1,109.734573,445.0391,-1,-1,-1,-1,-1,-1,127.843876,378.7266
5.0,-1,-1,-1,-1,139.177890,470.8203,-1,-1,-1,-1,-1,-1,151.856953,378.4141
6.0,-1,-1,-1,-1,101.103601,470.8203,-1,-1,-1,-1,-1,-1,164.242749,378.6875
7.0,-1,-1,-1,-1,129.317683,470.7344,-1,-1,-1,-1,-1,-1,160.122793,387.6094
50.0,112.397533,340.0156,104.643106,386.1562,-1,-1,119.771268,375.3203,119.350083,369.7422,126.363202,385.2812,-1,-1
100.0,132.818382,380.8672,148.419092,505.8125,-1,-1,131.957622,375.4844,171.361010,410.9062,141.223973,415.4844,-1,-1
150.0,127.311295,424.5000,198.858745,550.1953,-1,-1,144.353615,374.8828,165.280021,499.3281,175.659544,471.1016,-1,-1
200.0,142.581391,509.1094,204.777966,558.6016,-1,-1,143.792039,379.7500,171.478786,595.7031,186.931582,557.5781,-1,-1
250.0,155.053584,520.0625,162.247625,544.7734,-1,-1,130.665666,383.1094,175.845118,686.0078,191.249916,618.6016,-1,-1
300.0,148.440540,605.9375,154.925144,564.3984,-1,-1,142.489660,380.3125,170.709121,769.0703,201.089037,613.7031,-1,-1
