config_val,cg_ben_knap_cs_ben_knap_avg_total_time_seconds,cg_ben_knap_cs_ben_knap_index_size_mb,cg_ben_knap_cs_drop_avg_total_time_seconds,cg_ben_knap_cs_drop_index_size_mb,cg_ben_knap_cs_greedy_avg_total_time_seconds,cg_ben_knap_cs_greedy_index_size_mb,cg_dta_cs_ben_knap_avg_total_time_seconds,cg_dta_cs_ben_knap_index_size_mb,cg_dta_cs_drop_avg_total_time_seconds,cg_dta_cs_drop_index_size_mb,cg_dta_cs_greedy_avg_total_time_seconds,cg_dta_cs_greedy_index_size_mb,cg_extend_cs_extend_avg_total_time_seconds,cg_extend_cs_extend_index_size_mb,cg_rule_based_cs_ben_knap_avg_total_time_seconds,cg_rule_based_cs_ben_knap_index_size_mb,cg_rule_based_cs_drop_avg_total_time_seconds,cg_rule_based_cs_drop_index_size_mb,cg_rule_based_cs_greedy_avg_total_time_seconds,cg_rule_based_cs_greedy_index_size_mb
2.0,-1,-1,-1,-1,128.005193,352.7109,-1,-1,-1,-1,137.493229,306.2891,-1,-1,-1,-1,-1,-1,123.206317,352.7109
3.0,-1,-1,-1,-1,141.302413,359.6719,-1,-1,-1,-1,134.909686,326.9219,-1,-1,-1,-1,-1,-1,127.858525,359.6719
4.0,-1,-1,-1,-1,133.972745,380.3047,-1,-1,-1,-1,135.404145,349.1641,-1,-1,-1,-1,-1,-1,152.689879,380.3047
5.0,-1,-1,-1,-1,150.378144,382.4062,-1,-1,-1,-1,135.892924,351.2656,-1,-1,-1,-1,-1,-1,148.400619,382.4062
6.0,-1,-1,-1,-1,151.760070,424.9688,-1,-1,-1,-1,130.202845,354.2969,-1,-1,-1,-1,-1,-1,147.043210,424.9688
7.0,-1,-1,-1,-1,143.136522,428.0000,-1,-1,-1,-1,135.215795,357.3281,-1,-1,-1,-1,-1,-1,144.334477,428.0000
50.0,106.954725,246.0391,110.147763,239.3750,-1,-1,87.562183,319.0234,102.832282,239.3750,-1,-1,109.280650,239.0781,97.501024,246.0391,110.995470,239.3750,-1,-1
100.0,108.283497,282.4375,107.409954,239.3750,-1,-1,91.548801,359.4219,106.593782,239.3750,-1,-1,97.757702,305.9922,102.118836,282.4375,119.161674,239.3750,-1,-1
150.0,97.228660,329.3047,114.577645,306.2891,-1,-1,134.909577,398.4297,102.954828,306.2891,-1,-1,109.689764,305.9922,101.067090,329.3047,114.968472,306.2891,-1,-1
200.0,99.145364,367.3359,113.310791,348.8516,-1,-1,135.429100,451.2500,103.323274,328.5312,-1,-1,110.621751,328.2344,96.975384,367.3359,116.257527,348.8516,-1,-1
250.0,98.614881,390.1172,106.874576,348.8516,-1,-1,134.511028,474.2422,101.107474,328.5312,-1,-1,97.725855,328.2344,98.803751,390.1172,109.655076,348.8516,-1,-1
300.0,101.542657,424.1328,116.640442,369.8281,-1,-1,128.944491,491.8750,98.021071,356.8125,-1,-1,98.468012,348.8672,96.564260,424.1328,113.290281,369.8281,-1,-1
350.0,-1,-1,-1,-1,-1,-1,129.226250,488.9375,-1,-1,-1,-1,-1,-1,-1,-1,-1,-1,-1,-1
400.0,-1,-1,-1,-1,-1,-1,140.228177,517.1172,-1,-1,-1,-1,-1,-1,-1,-1,-1,-1,-1,-1
450.0,-1,-1,-1,-1,-1,-1,133.927324,585.7891,-1,-1,-1,-1,-1,-1,-1,-1,-1,-1,-1,-1
500.0,-1,-1,-1,-1,-1,-1,126.587956,610.9375,-1,-1,-1,-1,-1,-1,-1,-1,-1,-1,-1,-1
