query,avg_time_seconds
q1,0.001071
q10,0.164456
q11,0.001350
q12,0.000800
q13,0.000520
q14,3.437824
q15,0.116938
q16,8.407371
q17,0.682998
q18,3.270005
q19,0.796261
q2,0.000776
q20,2.915243
q21,0.038923
q22,2.777369
q23,0.393311
q24,0.619974
q25,5.013760
q26,1.391344
q27,0.125186
q28,31.239813
q29,0.076055
q3,0.000517
q30,0.651120
q31,5.344217
q32,1.245130
q33,1.300249
q34,0.000727
q35,0.205373
q36,1.626178
q37,0.471071
q38,0.022827
q39,0.015423
q4,0.000671
q40,1.439072
q41,22.667224
q42,5.238019
q43,0.345025
q44,6.375324
q45,0.053775
q46,1.074931
q47,0.000626
q48,0.001513
q49,0.000645
q5,0.000780
q50,0.000480
q6,0.000402
q7,0.000514
q8,0.180222
q9,0.001169
